Campanha,Finalidade,Apoio_tipo,Midia,Categoria,Categoria,Local,Estado,Regiao,Arrecadado_faixa,Arrecadado_mes,Apoiadores,Apoiadores_Media,Apoiadores_faixa,Meta,Meta_faixa,Arrecadacao,Link,Raspagem
@direita_calada,privado,canais de comunicação,outros,"""Jornalismo""",Jornalismo,"RS, Porto Alegre",RS,Sul,entre R$0 e R$499,0.00,0,0.00,entre 0 e 4,"R$ 10,000,000.00",mais de R$10 mil,recorrente,https://apoia.se/direitacalada,Março
DireitaUnida,privado,outros,NA,NA,NA,"MG, Belo Horizonte",MG,Sudeste,entre R$0 e R$499,0.00,0,0.00,entre 0 e 4,R$ 0.00,R$ 0.00,recorrente,https://apoia.se/geraldopacheco,Março
Abusa News,privado,canais de comunicação,site/blog,"""Jornalismo""",Jornalismo,"Itaboraí, RJ",RJ,Sudeste,entre R$0 e R$499,0.00,0,0.00,entre 0 e 4,R$ 0.00,R$ 0.00,recorrente,https://apoia.se/abusanews?utm_source=Explore-da-APOIA-se&utm_medium=Card-de-Campanha,Setembro
Ajuda Financeira,privado,outros,NA,"""Jornalismo""",Jornalismo,NA,NA,NA,entre R$0 e R$499,0.00,0,0.00,entre 0 e 4,R$ 0.00,R$ 0.00,recorrente,NA,Setembro
Ajuda financeira Jonathan Oliveira,privado,canais de comunicação,youtube,"c(""Cinema e vídeo"", ""Educação"")","Cinema e vídeo, Educação","PR, Foz do Iguaçu",PR,Sul,entre R$0 e R$499,0.00,0,0.00,entre 0 e 4,R$ 300.00,entre R$1 e R$499,recorrente,https://apoia.se/jonathanoliveira,Março
Ajude a @Bolsonaro_ a_ lenda,privado,canais de comunicação,outros,NA,NA,"Vassouras, RJ",RJ,Sudeste,entre R$0 e R$499,0.00,0,0.00,entre 0 e 4,"R$ 2,000.00",entre R$1.000 e R$4.999,recorrente,https://apoia.se/5a11607460b4eb0300415ad7?utm_source=Explore-da-APOIA-se&utm_medium=Card-de-Campanha,"c(Março,Setembro)"
Ajude a direita brasileira,privado,canais de comunicação,youtube,"c(""Música"", ""Outras"")","Música, Outras","São Paulo, SP",SP,Sudeste,entre R$0 e R$499,0.00,0,0.00,entre 0 e 4,R$ 200.00,entre R$1 e R$499,recorrente,https://apoia.se/conservadorismobr?utm_source=Explore-da-APOIA-se&utm_medium=Card-de-Campanha,Setembro
Ajude a Direita Espírito Santo,público,movimentos suprapartidários,NA,"c(""Animação"", ""Ciência"", ""Cinema e vídeo"", ""Comédia"", ""Desenho e pintura"", ""Educação"", ""Empreendedorismo"", ""Escrita"", ""Eventos"", ""Fotografia"", ""Jornalismo"", ""Teatro"")","Animação, Ciência, Cinema e vídeo, Comédia, Desenho e pintura, Educação, Empreendedorismo, Escrita, Eventos, Fotografia, Jornalismo, Teatro","Serra, ES",ES,Sudeste,entre R$0 e R$499,0.00,0,0.00,entre 0 e 4,"R$ 1,800.00",entre R$1.000 e R$4.999,recorrente,https://apoia.se/direitaes?utm_source=Explore-da-APOIA-se&utm_medium=Card-de-Campanha,"c(Março,Setembro)"
Ajude a manter o podcast no ar :D,privado,canais de comunicação,podcast,"""Podcast""",Podcast,"João Pessoa, PB",PB,Nordeste,entre R$0 e R$499,0.00,0,0.00,entre 0 e 4,R$ 500.00,entre R$500 e R$999,recorrente,https://apoia.se/5768399764d6820900396d4c?utm_source=Explore-da-APOIA-se&utm_medium=Card-de-Campanha,Setembro
Ajude a pagina OPRESSOR no Facebook,privado,canais de comunicação,fanpages,"""Comédia""",Comédia,"Indaiatuba, SP",SP,Sudeste,entre R$0 e R$499,0.00,0,0.00,entre 0 e 4,R$ 0.00,R$ 0.00,recorrente,https://apoia.se/opressor?utm_source=Explore-da-APOIA-se&utm_medium=Card-de-Campanha,Setembro
Ajude ao partido conservador PACO,público,movimentos suprapartidários,outros,"c(""Jornalismo"", ""Cinema e vídeo"")","Jornalismo, Cinema e vídeo","Divinópolis, MG",MG,Sudeste,entre R$0 e R$499,0.00,0,0.00,entre 0 e 4,"R$ 10,000.00",mais de R$10 mil,recorrente,https://apoia.se/2310342592322705?utm_source=Explore-da-APOIA-se&utm_medium=Card-de-Campanha,Setembro
AJUDE EM NOSSO  CANAL,privado,canais de comunicação,youtube,"""Jornalismo""",Jornalismo,"SP, São José dos Campos",SP,Sudeste,entre R$0 e R$499,5.00,1,5.00,entre 0 e 4,"R$ 3,000.00",entre R$1.000 e R$4.999,recorrente,https://apoia.se/marcioribeiro,Março
Ajude o ConservaTUBE,privado,canais de comunicação,youtube,"c(""Jornalismo"", ""Outras"")","Jornalismo, Outras","Santa Bárbara D'Oeste, SP",SP,Sudeste,entre R$0 e R$499,0.00,0,0.00,entre 0 e 4,R$ 0.00,R$ 0.00,recorrente,https://apoia.se/conservatube?utm_source=Explore-da-APOIA-se&utm_medium=Card-de-Campanha,"c(Março,Setembro)"
Ajude o Direita São Paulo,público,movimentos suprapartidários,NA,"c(""Animação"", ""Jornalismo"")","Animação, Jornalismo","São Paulo, SP",SP,Sudeste,entre R$0 e R$499,0.00,0,0.00,entre 0 e 4,"R$ 1,600.00",entre R$1.000 e R$4.999,recorrente,https://apoia.se/direitasaopaulo?utm_source=Explore-da-APOIA-se&utm_medium=Card-de-Campanha,"c(Março,Setembro)"
Ajude o Endireita Amazonas,público,movimentos suprapartidários,NA,"c(""Outras"", ""Eventos"")","Outras, Eventos","Manaus, AM",AM,Norte,entre R$0 e R$499,0.00,0,0.00,entre 0 e 4,"R$ 7,000.00",entre R$5.000 e R$9.999,recorrente,https://apoia.se/endireita_amazonas?utm_source=Explore-da-APOIA-se&utm_medium=Card-de-Campanha,"c(Março,Setembro)"
Aliança pelo o Brasil Agora,privado,movimentos suprapartidários,NA,"""Outras""",Outras,"Extremoz, RN",RN,Nordeste,entre R$0 e R$499,0.00,0,0.00,entre 0 e 4,R$ 0.00,R$ 0.00,recorrente,https://apoia.se/aliancapelobrasil?utm_source=Explore-da-APOIA-se&utm_medium=Card-de-Campanha,Setembro
Amigos da Rádio Nova Pátria Amada,privado,canais de comunicação,podcast,"c(""Jornalismo"", ""Podcast"")","Jornalismo, Podcast","São Paulo, SP",SP,Sudeste,entre R$0 e R$499,0.00,0,0.00,entre 0 e 4,R$ 5.00,entre R$1 e R$499,recorrente,https://apoia.se/radionovapatriaamada?utm_source=Explore-da-APOIA-se&utm_medium=Card-de-Campanha,Setembro
Apoie a Direita Icó,público,movimentos suprapartidários,youtube,"c(""Educação"", ""Eventos"", ""Jornalismo"") ","Educação, Eventos, Jornalismo ","Icó, CE",CE,Nordeste,entre R$0 e R$499,0.00,0,0.00,entre 0 e 4,R$ 400.00,entre R$1 e R$499,recorrente,https://apoia.se/direitaico?utm_source=Explore-da-APOIA-se&utm_medium=Card-de-Campanha,Setembro
apoie a Direita Paraná,público,movimentos suprapartidários,NA,"""Outras""",Outras,"Loanda, PR",PR,Sul,entre R$0 e R$499,0.00,0,0.00,entre 0 e 4,R$ 600.00,entre R$500 e R$999,recorrente,https://apoia.se/direitaparana?utm_source=Explore-da-APOIA-se&utm_medium=Card-de-Campanha,"c(Março,Setembro)"
Apoie a Direita Taubaté,público,movimentos suprapartidários,NA,"""Outras""",Outras,"Taubaté, SP",SP,Sudeste,entre R$0 e R$499,0.00,0,0.00,entre 0 e 4,R$ 300.00,entre R$1 e R$499,recorrente,https://apoia.se/apoieadireitataubate?utm_source=Explore-da-APOIA-se&utm_medium=Card-de-Campanha,"c(Março,Setembro)"
Apoie nosso trabalho!,privado,canais de comunicação,múltiplos,"c(""Jornalismo"", ""Podcast"")","Jornalismo, Podcast","São Paulo, SP",SP,Sudeste,entre R$0 e R$499,0.00,0,0.00,entre 0 e 4,R$ 100.00,entre R$1 e R$499,recorrente,https://apoia.se/saidapeladireita?utm_source=Explore-da-APOIA-se&utm_medium=Card-de-Campanha,"c(Março,Setembro)"
Apoie o Direita Gaúcha,público,movimentos suprapartidários,NA,"c(""Outras"", ""Jornalismo"")","Outras, Jornalismo","Porto Alegra, RS",RS,Sul,entre R$0 e R$499,0.00,0,0.00,entre 0 e 4,"R$ 1,000.00",entre R$1.000 e R$4.999,recorrente,https://apoia.se/direitagauchanasuacidade?utm_source=Explore-da-APOIA-se&utm_medium=Card-de-Campanha,"c(Março,Setembro)"
Apoie o Mov. Meu Partido é o Brasil,público,canais de comunicação,outros,"""Outras""",Outras,"São Carlos, SP",SP,Sudeste,entre R$0 e R$499,0.00,0,0.00,entre 0 e 4,R$ 0.00,R$ 0.00,recorrente,https://apoia.se/mov_meupartidoeobrasil?utm_source=Explore-da-APOIA-se&utm_medium=Card-de-Campanha,Setembro
Apoie o nosso site,privado,materiais de campanha,youtube,"c(""Jornalismo"", ""Cinema e vídeo"")","Jornalismo, Cinema e vídeo","Camaçari, BA",BA,Nordeste,entre R$0 e R$499,0.00,0,0.00,entre 0 e 4,R$ 500.00,entre R$500 e R$999,recorrente,https://apoia.se/ajudeocamacariagora,Setembro
APOIE O SEU AMIGO JOHNSON NUNES,privado,outros,NA,"""Outras""",Outras,"Salvador, BA",BA,Nordeste,entre R$0 e R$499,0.00,0,0.00,entre 0 e 4,"R$ 1,000.00",entre R$1.000 e R$4.999,recorrente,https://apoia.se/1502953229797981?utm_source=Explore-da-APOIA-se&utm_medium=Card-de-Campanha,Setembro
Apoie o Voltemos à Direita,privado,canais de comunicação,site/blog,"""Jornalismo""",Jornalismo,NA,NA,NA,entre R$0 e R$499,0.00,0,0.00,entre 0 e 4,"R$ 1,000.00",entre R$1.000 e R$4.999,recorrente,https://apoia.se/voltemosadireita?utm_source=Explore-da-APOIA-se&utm_medium=Card-de-Campanha,"c(Março,Setembro)"
Apoie um Miastenico,privado,outros,NA,"c(""Escrita"", ""Outras"")","Escrita, Outras","Bento Gonçalves, RS",RS,Sul,entre R$0 e R$499,325.00,16,20.31,entre 10 e 19,R$ 600.00,entre R$500 e R$999,recorrente,https://apoia.se/miastenicodireitista?utm_source=Explore-da-APOIA-se&utm_medium=Card-de-Campanha,Setembro
Bolsolindas,público,movimentos suprapartidários,NA,"""Outras""",Outras,"Goiânia, GO",GO,Centro-Oeste,entre R$0 e R$499,0.00,0,0.00,entre 0 e 4,R$ 0.00,R$ 0.00,recorrente,https://apoia.se/explore?q=Bolsolindas,"c(Março,Setembro)"
Bolsonaro 17 presidente,privado,materiais de campanha,NA,"""Outras""",Outras,"Fortaleza, CE",CE,Nordeste,entre R$0 e R$499,0.00,0,0.00,entre 0 e 4,R$ 500.00,entre R$500 e R$999,recorrente,https://apoia.se/jairmessiasbolsonaro?utm_source=Explore-da-APOIA-se&utm_medium=Card-de-Campanha,"c(Março,Setembro)"
Botando Pilha,privado,canais de comunicação,outros,"""Cinema e vídeo""",Cinema e vídeo,"SP, Osasco",SP,Sudeste,entre R$0 e R$499,0.00,0,0.00,entre 0 e 4,"R$ 13,000.00",mais de R$10 mil,recorrente,https://apoia.se/botandopilha,Março
Brasil 2021: Lula x Bolsonaro,privado,canais de comunicação,youtube,"""Cinema e vídeo""",Cinema e vídeo,NA,NA,NA,entre R$0 e R$499,0.00,0,0.00,entre 0 e 4,R$ 150.00,entre R$1 e R$499,recorrente,https://apoia.se/contribuir_brasil2021?utm_source=Explore-da-APOIA-se&utm_medium=Card-de-Campanha,"c(Março,Setembro)"
Brasil e Politica - Somos a Direita,privado,canais de comunicação,youtube,"""Jornalismo""",Jornalismo,"Londrina, PR",PR,Sul,entre R$0 e R$499,0.00,0,0.00,entre 0 e 4,R$ 500.00,entre R$500 e R$999,recorrente,https://apoia.se/brasilepolitica?utm_source=Explore-da-APOIA-se&utm_medium=Card-de-Campanha,"c(Março,Setembro)"
Brasil Sem Corrupção,público,materiais de campanha,NA,"""Jornalismo""",Jornalismo,NA,NA,NA,entre R$0 e R$499,0.00,0,0.00,entre 0 e 4,"R$ 50,000.00",mais de R$10 mil,recorrente,https://apoia.se/bsc?utm_source=Explore-da-APOIA-se&utm_medium=Card-de-Campanha,Setembro
Caminho da direita,público,movimentos suprapartidários,NA,"""Outras""",Outras,"Pedreiras, MA",MA,Nordeste,entre R$0 e R$499,0.00,0,0.00,entre 0 e 4,R$ 0.00,R$ 0.00,recorrente,https://apoia.se/565be43084afce090095e7bb?utm_source=Explore-da-APOIA-se&utm_medium=Card-de-Campanha,Setembro
Canal BispoTV News,privado,canais de comunicação,youtube,"c(""Outras"", ""Cinema e vídeo"")","Outras, Cinema e vídeo","Niterói, RJ",RJ,Sudeste,entre R$0 e R$499,50.00,4,12.50,entre 0 e 4,"R$ 4,000.00",entre R$5.000 e R$9.999,recorrente,https://apoia.se/bispotvnews?utm_source=Explore-da-APOIA-se&utm_medium=Card-de-Campanha,Setembro
Canal Cancelados,privado,canais de comunicação,outros,"c(""Jornalismo"", ""Educação"")","Jornalismo, Educação","São Paulo, SP",SP,Sudeste,entre R$0 e R$499,0.00,0,0.00,entre 0 e 4,R$ 5.00,entre R$1 e R$499,recorrente,https://apoia.se/canalcancelados?utm_source=Explore-da-APOIA-se&utm_medium=Card-de-Campanha,Setembro
Canal os 7 Minutos,privado,canais de comunicação,múltiplos,"c(""Outras"", ""Cinema e vídeo"")","Outras, Cinema e vídeo","São Paulo, SP",SP,Sudeste,entre R$0 e R$499,15.00,1,15.00,entre 0 e 4,R$ 0.00,R$ 0.00,recorrente,https://apoia.se/os7minutos?utm_source=Explore-da-APOIA-se&utm_medium=Card-de-Campanha,Setembro
Canal Robson de Paula,privado,canais de comunicação,outros,"c(""Jornalismo"", ""Cinema e vídeo"")","Jornalismo, Cinema e vídeo","Santos Dumont, MG",MG,Sudeste,entre R$0 e R$499,0.00,0,0.00,entre 0 e 4,R$ 500.00,entre R$500 e R$999,recorrente,https://apoia.se/robsondepaula?utm_source=Explore-da-APOIA-se&utm_medium=Card-de-Campanha,Setembro
Canal: Ronald Monção,privado,canais de comunicação,youtube,"""Cinema e vídeo""",Cinema e vídeo,"SP, São Bernardo do Campo",SP,Sudeste,entre R$0 e R$499,0.00,0,0.00,entre 0 e 4,"R$ 1,000.00",entre R$1.000 e R$4.999,recorrente,https://apoia.se/ronaldmoncao,Março
CanalTamosjuntos,privado,canais de comunicação,youtube,"""Cinema e vídeo""",Cinema e vídeo,"Fortaleza, CE",CE,Nordeste,entre R$0 e R$499,0.00,0,0.00,entre 0 e 4,R$ 0.00,R$ 0.00,recorrente,https://apoia.se/tamosjuntos?utm_source=Explore-da-APOIA-se&utm_medium=Card-de-Campanha,Setembro
Caneca Mágica LuLa vs Bolsonaro 17,privado,materiais de campanha,NA,"c(""Animação"", ""Cinema e vídeo"")","Animação, Cinema e vídeo","Feira de Santana, BA",BA,Nordeste,entre R$0 e R$499,0.00,0,0.00,entre 0 e 4,"R$ 5,000.00",entre R$5.000 e R$9.999,recorrente,https://apoia.se/braperprintsestampados?utm_source=Explore-da-APOIA-se&utm_medium=Card-de-Campanha,"c(Março,Setembro)"
Caneta Conservadora,privado,canais de comunicação,site/blog,"c(""Outras"", ""Jornalismo"")","Outras, Jornalismo",NA,NA,NA,entre R$0 e R$499,0.00,0,0.00,entre 0 e 4,"R$ 3,000.00",entre R$1.000 e R$4.999,recorrente,https://apoia.se/canetaconserva?utm_source=Explore-da-APOIA-se&utm_medium=Card-de-Campanha,Setembro
CAVALARIA DA DIREITA,público,canais de comunicação,youtube,"c(""Educação"", ""Eventos"")","Educação, Eventos","PE, Recife",PE,Nordeste,entre R$0 e R$499,0.00,0,0.00,entre 0 e 4,R$ 800.00,entre R$500 e R$999,recorrente,https://apoia.se/cavalariadadireita,Março
cCê Ta LigadoO[:],privado,canais de comunicação,youtube,"c(""Cinema e vídeo"", ""Comédia"")","Cinema e vídeo, Comédia","Lombardia, Brescia",NA,NA,entre R$0 e R$499,0.00,0,0.00,entre 0 e 4,"R$ 2,500.00",entre R$1.000 e R$4.999,recorrente,https://apoia.se/cetaligado?utm_source=Explore-da-APOIA-se&utm_medium=Card-de-Campanha,Setembro
Conscientiza cidadão - Pró Brasil,privado,canais de comunicação,site/blog,"c(""Outras"", ""Jornalismo"")","Outras, Jornalismo",NA,NA,NA,entre R$0 e R$499,0.00,0,0.00,entre 0 e 4,"R$ 5,000.00",entre R$5.000 e R$9.999,recorrente,https://apoia.se/governohonesto?utm_source=Explore-da-APOIA-se&utm_medium=Card-de-Campanha,Setembro
Cris Viviani Projeto 00E,público,movimentos suprapartidários,NA,"""Outras""",Outras,NA,NA,NA,entre R$0 e R$499,0.00,0,0.00,entre 0 e 4,"R$ 10,000.00",mais de R$10 mil,recorrente,https://apoia.se/crisviviani?utm_source=Explore-da-APOIA-se&utm_medium=Card-de-Campanha,Setembro
Crítica Nacional,privado,canais de comunicação,site/blog,"""Jornalismo""",Jornalismo,São Paulo,SP,Sudeste,entre R$0 e R$499,240.00,12,20.00,entre 10 e 19,"R$ 6,000.00",entre R$5.000 e R$9.999,recorrente,https://apoia.se/criticanacional?utm_source=Explore-da-APOIA-se&utm_medium=Card-de-Campanha,Setembro
Cursos União Direita Brasil,privado,movimentos suprapartidários,site/blog,"c(""Educação"", ""Cinema e vídeo"")","Educação, Cinema e vídeo","Mesquita, RJ",RJ,Sudeste,entre R$0 e R$499,0.00,0,0.00,entre 0 e 4,R$ 300.00,entre R$1 e R$499,recorrente,https://apoia.se/uniaodireitabrasil?utm_source=Explore-da-APOIA-se&utm_medium=Card-de-Campanha,"c(Março,Setembro)"
Denne Sousa Oficial,privado,canais de comunicação,youtube,"""Jornalismo""",Jornalismo,"SP, São José dos Campos",SP,Sudeste,entre R$0 e R$499,0.00,0,0.00,entre 0 e 4,R$ 0.00,R$ 0.00,recorrente,https://apoia.se/5ca417ae62ed6f2d19525574,Março
Direita Carapebus,público,movimentos suprapartidários,NA,"c(""Jornalismo"", ""Cinema e vídeo"")","Jornalismo, Cinema e vídeo","Carapebus, RJ",RJ,Sudeste,entre R$0 e R$499,0.00,0,0.00,entre 0 e 4,"R$ 5,000.00",entre R$5.000 e R$9.999,recorrente,https://apoia.se/direitacarapebus?utm_source=Explore-da-APOIA-se&utm_medium=Card-de-Campanha,"c(Março,Setembro)"
Direita Marabá,público,movimentos suprapartidários,outros,"c(""Outras"", ""Cinema e vídeo"")","Outras, Cinema e vídeo","Marabá, PA",PA,Norte,entre R$0 e R$499,0.00,0,0.00,entre 0 e 4,R$ 0.00,R$ 0.00,recorrente,https://apoia.se/direitamaraba?utm_source=Explore-da-APOIA-se&utm_medium=Card-de-Campanha,"c(Março,Setembro)"
Direita Mimoso do Sul,público,canais de comunicação,outros,"""Outras""",Outras,"Mimoso do Sul, ES",MG,Sudeste,entre R$0 e R$499,5.00,1,5.00,entre 0 e 4,R$ 0.00,R$ 0.00,recorrente,https://apoia.se/direitamimosodosul?utm_source=Explore-da-APOIA-se&utm_medium=Card-de-Campanha,Setembro
Direita Minas,público,movimentos suprapartidários,NA,"""Outras""",Outras,"Belo horizonte, MG",MG,Sudeste,entre R$0 e R$499,0.00,0,0.00,entre 0 e 4,R$ 0.00,R$ 0.00,recorrente,https://apoia.se/59beead4db84a5030062f1e3?utm_source=Explore-da-APOIA-se&utm_medium=Card-de-Campanha,"c(Março,Setembro)"
Direita Minas - Elóis Mendes,público,movimentos suprapartidários,NA,"""Eventos""",Eventos,NA,NA,NA,entre R$0 e R$499,0.00,0,0.00,entre 0 e 4,R$ 0.00,R$ 0.00,recorrente,https://apoia.se/direitaminaseloimendes?utm_source=Explore-da-APOIA-se&utm_medium=Card-de-Campanha,Setembro
Direita Minas Juiz de Fora,público,movimentos suprapartidários,NA,"c(""Jornalismo"", ""Outras"")","Jornalismo, Outras","Juiz de Fora, MG",MG,Sudeste,entre R$0 e R$499,0.00,0,0.00,entre 0 e 4,R$ 0.00,R$ 0.00,recorrente,https://apoia.se/dmjuizdefora?utm_source=Explore-da-APOIA-se&utm_medium=Card-de-Campanha,Setembro
Direita Nacional Brasileira - DNB,público,movimentos suprapartidários,NA,"""Outras""",Outras,NA,NA,NA,entre R$0 e R$499,0.00,0,0.00,entre 0 e 4,"R$ 10,000.00",mais de R$10 mil,recorrente,https://apoia.se/dnb?utm_source=Explore-da-APOIA-se&utm_medium=Card-de-Campanha,"c(Março,Setembro)"
DIREITA NEWS,privado,movimentos suprapartidários,site/blog,"c(""Jornalismo"", ""Outras"")","Jornalismo, Outras",NA,NA,NA,entre R$0 e R$499,0.00,0,0.00,entre 0 e 4,R$ 250.00,entre R$1 e R$499,recorrente,https://apoia.se/portaldireitanews?utm_source=Explore-da-APOIA-se&utm_medium=Card-de-Campanha,"c(Março,Setembro)"
Direita News ,privado,movimentos suprapartidários,site/blog,"c(""Jornalismo"", ""Outras"")","Jornalismo, Outras",NA,NA,NA,entre R$0 e R$499,0.00,0,0.00,entre 0 e 4,R$ 250.00,entre R$1 e R$499,recorrente,https://apoia.se/portaldireitanews?utm_source=Explore-da-APOIA-se&utm_medium=Card-de-Campanha,Setembro
DIREITA NO ASSUNTO,privado,canais de comunicação,múltiplos,"c(""Jornalismo"", ""Educação"")","Jornalismo, Educação","Manaus, AM",AM,Norte,entre R$0 e R$499,0.00,0,0.00,entre 0 e 4,R$ 0.00,R$ 0.00,recorrente,https://apoia.se/direitanoassunto?utm_source=Explore-da-APOIA-se&utm_medium=Card-de-Campanha,"c(Março,Setembro)"
Direita Oficial,privado,canais de comunicação,múltiplos,"c(""Eventos"", ""Outras"", ""Cinema e vídeo"", ""Escrita"", ""Jornalismo"")","Eventos, Outras, Cinema e vídeo, Escrita, Jornalismo","Belo Horizonte, MG",MG,Sudeste,entre R$0 e R$499,0.00,0,0.00,entre 0 e 4,"R$ 2,000.00",entre R$1.000 e R$4.999,recorrente,https://apoia.se/direitaoficial?utm_source=Explore-da-APOIA-se&utm_medium=Card-de-Campanha,Setembro
Direita São Carlos,público,canais de comunicação,múltiplos,"""Outras""",Outras,"São Carlos, SP",SP,Sudeste,entre R$0 e R$499,0.00,0,0.00,entre 0 e 4,R$ 0.00,R$ 0.00,recorrente,https://apoia.se/5bb105ba1e6174091c1dd1be,"c(Março,Setembro)"
DIREITA UNIDA,público,movimentos suprapartidários,outros,"c(""Outras"", ""Eventos"")","Outras, Eventos",NA,NA,NA,entre R$0 e R$499,0.00,0,0.00,entre 0 e 4,R$ 0.00,R$ 0.00,recorrente,https://apoia.se/direitaunida?utm_source=Explore-da-APOIA-se&utm_medium=Card-de-Campanha,"c(Março,Setembro)"
Direita? Vou Ver!,privado,canais de comunicação,youtube,"c(""Jornalismo"", ""Cinema e vídeo"")","Jornalismo, Cinema e vídeo",NA,NA,NA,entre R$0 e R$499,50.00,5,10.00,entre 0 e 4,R$ 0.00,R$ 0.00,recorrente,https://apoia.se/edraposo?utm_source=Explore-da-APOIA-se&utm_medium=Card-de-Campanha,"c(Março,Setembro)"
DireitaLivre.com,privado,canais de comunicação,site/blog,"""Outras""",Outras,NA,NA,NA,entre R$0 e R$499,0.00,0,0.00,entre 0 e 4,R$ 0.00,R$ 0.00,recorrente,https://apoia.se/direitalivre?utm_source=Explore-da-APOIA-se&utm_medium=Card-de-Campanha,"c(Março,Setembro)"
DireitaNews,privado,canais de comunicação,fanpages,"""Outras""",Outras,"Nova Iguaçu, RJ",RJ,Sudeste,entre R$0 e R$499,0.00,0,0.00,entre 0 e 4,R$ 0.00,R$ 0.00,recorrente,https://apoia.se/direitanews?utm_source=Explore-da-APOIA-se&utm_medium=Card-de-Campanha,"c(Março,Setembro)"
Dito e Fato,privado,canais de comunicação,outros,"c(""Educação"", ""Outras"")","Educação, Outras",Rio de Janeiro,RJ,Sudeste,entre R$0 e R$499,0.00,0,0.00,entre 0 e 4,"R$ 3,500.00",entre R$1.000 e R$4.999,recorrente,https://apoia.se/ditoefato?utm_source=Explore-da-APOIA-se&utm_medium=Card-de-Campanha,Setembro
Douglas Aguiar Oficial,privado,canais de comunicação,youtube,"c(""Animação"", ""Cinema e vídeo"")","Animação, Cinema e vídeo","Goiânia, GO.",GO,Centro-Oeste,entre R$0 e R$499,0.00,0,0.00,entre 0 e 4,"R$ 1,000.00",entre R$1.000 e R$4.999,recorrente, https://apoia.se/douglasaguiar_oficial?utm_source=Explore-da-APOIA-se&utm_medium=Card-de-Campanha,Setembro
EnDireita Brasil,privado,canais de comunicação,youtube,"c(""Jornalismo"", ""Outras"")","Jornalismo, Outras","Extremoz, RN",RN,Nordeste,entre R$0 e R$499,0.00,0,0.00,entre 0 e 4,"R$ 1,000.00",entre R$1.000 e R$4.999,recorrente,https://apoia.se/endireitabrasil?utm_source=Explore-da-APOIA-se&utm_medium=Card-de-Campanha,"c(Março,Setembro)"
ENDIREITA BRASIL,público,canais de comunicação,outros,"c(""Jornalismo"", ""Outras"")","Jornalismo, Outras",n/a,NA,NA,entre R$0 e R$499,0.00,0,0.00,entre 0 e 4,"R$ 1,000.00",entre R$1.000 e R$4.999,recorrente,https://apoia.se/patriotasdobrasil?utm_source=Explore-da-APOIA-se&utm_medium=Card-de-Campanha,"c(Março,Setembro)"
Endireita Iguatu,público,canais de comunicação,outros,"""Outras""",Outras,"CE, Iguatu",CE,Nordeste,entre R$0 e R$499,0.00,0,0.00,entre 0 e 4,R$ 1.00,entre R$1 e R$499,recorrente,https://apoia.se/5bf6dccf8cb67fd108e14b83,"c(Março,Setembro)"
Endireita Natal,público,movimentos suprapartidários,NA,"""Outras""",Outras,"Natal, RN",RN,Nordeste,entre R$0 e R$499,0.00,0,0.00,entre 0 e 4,"R$ 1,000.00",entre R$1.000 e R$4.999,recorrente,https://apoia.se/endireitanatal?utm_source=Explore-da-APOIA-se&utm_medium=Card-de-Campanha,"c(Março,Setembro)"
EnDIREITANDO Presidente Prudente,público,movimentos suprapartidários,NA,"c(""Outras"", ""Jornalismo"")","Outras, Jornalismo","Presidente Prudente, SP",SP,Sudeste,entre R$0 e R$499,0.00,0,0.00,entre 0 e 4,R$ 500.00,entre R$500 e R$999,pontual,https://apoia.se/endireitaprudente?utm_source=Explore-da-APOIA-se&utm_medium=Card-de-Campanha,Setembro
Eu apoio a Revolução Intelectual,privado,canais de comunicação,outros,"""Educação""",Educação,"Uruguaiana, RS",RS,Sul,entre R$0 e R$499,0.00,0,0.00,entre 0 e 4,R$ 0.00,R$ 0.00,recorrente,https://apoia.se/revintelectual?utm_source=Explore-da-APOIA-se&utm_medium=Card-de-Campanha,Setembro
Eu apoio Central da Direita,privado,canais de comunicação,múltiplos,"c(""Jornalismo"", ""Cinema e vídeo"")","Jornalismo, Cinema e vídeo",NA,NA,NA,entre R$0 e R$499,0.00,0,0.00,entre 0 e 4,R$ 10.00,entre R$1 e R$499,recorrente,https://apoia.se/centraldadireita?utm_source=Explore-da-APOIA-se&utm_medium=Card-de-Campanha,"c(Março,Setembro)"
Eu apoio o Nação Patriota.,privado,canais de comunicação,múltiplos,"c(""Outras"", ""Jornalismo"")","Outras, Jornalismo","Imperatriz, MA",MA,Nordeste,entre R$0 e R$499,20.00,2,10.00,entre 0 e 4,R$ 0.00,R$ 0.00,recorrente,https://apoia.se/nacaopatriota?utm_source=Explore-da-APOIA-se&utm_medium=Card-de-Campanha,Setembro
Eu apoio o Notícias Hoje,privado,canais de comunicação,outros,"""Outras""",Outras,"São Mamede, PB",PB,Nordeste,entre R$0 e R$499,0.00,0,0.00,entre 0 e 4,R$ 0.00,R$ 0.00,recorrente,https://apoia.se/5c95b5b03f9746f018a5eef3?utm_source=Explore-da-APOIA-se&utm_medium=Card-de-Campanha,"c(Março,Setembro)"
Eu apoio o Vista Pátria,público,movimentos suprapartidários,NA,"""Outras""",Outras,"RJ, Rio de Janeiro",RJ,Sudeste,entre R$500 e R$4999,"2,943.00",195,15.09,acima de 50,R$ 0.00,R$ 0.00,recorrente,https://apoia.se/vistapatria,Março
Eu Sou Direita,privado,canais de comunicação,fanpages,"c(""Empreendedorismo"", ""Animação"")","Empreendedorismo, Animação","Vila Velha, ES",ES,Sudeste,entre R$0 e R$499,0.00,0,0.00,entre 0 e 4,R$ 250.00,entre R$1 e R$499,recorrente,https://apoia.se/eusoudireita?utm_source=Explore-da-APOIA-se&utm_medium=Card-de-Campanha,"c(Março,Setembro)"
Faça parte da Direita Curvelo,público,canais de comunicação,site/blog,"""Jornalismo""",Jornalismo,"Curvelo, MG",MG,Sudeste,entre R$0 e R$499,0.00,0,0.00,entre 0 e 4,R$ 500.00,entre R$500 e R$999,recorrente,https://apoia.se/direitacurvelomembro?utm_source=Explore-da-APOIA-se&utm_medium=Card-de-Campanha,"c(Março,Setembro)"
Flávio Leão Gama,privado,canais de comunicação,múltiplos,"c(""Educação"", ""Jornalismo"")","Educação, Jornalismo","Porto Alegre, RS",RS,Sul,entre R$0 e R$499,0.00,0,0.00,entre 0 e 4,R$ 0.00,R$ 0.00,recorrente,https://apoia.se/flavioleaogama?utm_source=Explore-da-APOIA-se&utm_medium=Card-de-Campanha,Setembro
Futuro à direita,privado,canais de comunicação,site/blog,"c(""Jornalismo"", ""Escrita"")","Jornalismo, Escrita","Brasília, DF",DF,Centro-Oeste,entre R$0 e R$499,0.00,0,0.00,entre 0 e 4,R$ 300.00,entre R$1 e R$499,recorrente,https://apoia.se/futuroadireita?utm_source=Explore-da-APOIA-se&utm_medium=Card-de-Campanha,"c(Março,Setembro)"
Gays com Bolsonaro,público,movimentos suprapartidários,NA,"""Jornalismo""",Jornalismo,"Fortaleza, CE",CE,Nordeste,entre R$0 e R$499,0.00,0,0.00,entre 0 e 4,R$ 500.00,entre R$500 e R$999,recorrente,https://apoia.se/gayscombolsonaro?utm_source=Explore-da-APOIA-se&utm_medium=Card-de-Campanha,"c(Março,Setembro)"
História e Política,privado,canais de comunicação,youtube," c(""Outras"", ""Educação"")"," Outras, Educação",NA,NA,NA,entre R$0 e R$499,157.00,17,9.24,entre 0 e 4,"R$ 1,000.00",entre R$1.000 e R$4.999,recorrente,https://apoia.se/httpswwwyoutubecomchannelucb9hemgb9bfsorndujffz3g?utm_source=Explore-da-APOIA-se&utm_medium=Card-de-Campanha,Setembro
HUMOR DE DIREITA,privado,eventos,outros,"c(""Comédia"", ""Teatro"")","Comédia, Teatro",NA,NA,NA,entre R$0 e R$499,0.00,0,0.00,entre 0 e 4,"R$ 5,000.00",entre R$5.000 e R$9.999,NA,https://apoia.se/humordedireita,Março
Independente,privado,canais de comunicação,NA,"""Jornalismo""",Jornalismo,NA,NA,NA,entre R$0 e R$499,0.00,0,0.00,entre 0 e 4,R$ 0.00,R$ 0.00,NA,NA,Setembro
Invista no Direita Amazonas,público,movimentos suprapartidários,NA,"""Outras""",Outras,"Manaus, AM",AM,Norte,entre R$0 e R$499,0.00,0,0.00,entre 0 e 4,R$ 150.00,entre R$1 e R$499,recorrente,https://apoia.se/direitaamazonas?utm_source=Explore-da-APOIA-se&utm_medium=Card-de-Campanha,"c(Março,Setembro)"
Jabuti Nervoso,privado,canais de comunicação,outros,"c(""Podcast"", ""Jornalismo"")","Podcast, Jornalismo",n/a,NA,NA,entre R$0 e R$499,0.00,0,0.00,entre 0 e 4,R$ 0.00,R$ 0.00,recorrente,https://apoia.se/5c670109287b5a41199ad1ee?utm_source=Explore-da-APOIA-se&utm_medium=Card-de-Campanha,Setembro
Jornal A Formiga,privado,canais de comunicação,outros,"""Jornalismo""",Jornalismo,"Paraisópolis, MG",MG,Sudeste,entre R$0 e R$499,95.00,6,15.83,entre 5 e 9,R$ 0.00,R$ 0.00,recorrente,https://apoia.se/jornalaformiga?utm_source=Explore-da-APOIA-se&utm_medium=Card-de-Campanha,Setembro
Jornal Bolsonaro 38,privado,canais de comunicação,fanpages,"""Outras""",Outras,"BA, Ibotirama",BA,Nordeste,entre R$0 e R$499,0.00,0,0.00,entre 0 e 4,R$ 1.00,entre R$1 e R$499,recorrente,https://apoia.se/jornalbolsonaro38,Março
Jornal da Rede - Informação Opinião,privado,canais de comunicação,site/blog,"""Jornalismo""",Jornalismo,NA,NA,NA,entre R$0 e R$499,0.00,0,0.00,entre 0 e 4,"R$ 5,000.00",entre R$5.000 e R$9.999,recorrente,https://apoia.se/jornal?utm_source=Explore-da-APOIA-se&utm_medium=Card-de-Campanha,Setembro
Jovem de Direita,privado,canais de comunicação,youtube,"""Cinema e vídeo""",Cinema e vídeo,NA,NA,NA,entre R$0 e R$499,0.00,0,0.00,entre 0 e 4,R$ 0.00,R$ 0.00,recorrente,https://apoia.se/jovemdedireita?utm_source=Explore-da-APOIA-se&utm_medium=Card-de-Campanha,"c(Março,Setembro)"
Jund News,privado,canais de comunicação,outros,"""Jornalismo""",Jornalismo,"Jundiaí, SP",SP,Sudeste,entre R$0 e R$499,1.00,1,1.00,entre 0 e 4,R$ 0.00,R$ 0.00,recorrente,https://apoia.se/jundnews?utm_source=Explore-da-APOIA-se&utm_medium=Card-de-Campanha,Setembro
Live Sem Tema,privado,outros,NA,"c(""Jornalismo"", ""Outras"")","Jornalismo, Outras","SP, São Paulo",SP,Sudeste,entre R$0 e R$499,0.00,0,0.00,entre 0 e 4,R$ 500.00,entre R$500 e R$999,recorrente,https://apoia.se/livesemtema,Março
MBL Ribeirão Preto,público,movimentos suprapartidários,múltiplos,"""Outras""",Outras,"Ribeirão Preto, SP",SP,Sudeste,entre R$0 e R$499,0.00,0,0.00,entre 0 e 4,R$ 0.00,R$ 0.00,recorrente,https://apoia.se/mblribeirao?utm_source=Explore-da-APOIA-se&utm_medium=Card-de-Campanha,Setembro
Movimento Endireita Brasil,privado,movimentos suprapartidários,outros,"""Outras""",Outras,"João Pessoa, PB",PB,Nordeste,entre R$0 e R$499,0.00,0,0.00,entre 0 e 4,R$ 0.00,R$ 0.00,recorrente,https://apoia.se/mebrasil?utm_source=Explore-da-APOIA-se&utm_medium=Card-de-Campanha,"c(Março,Setembro)"
MRB - Movimento Resgata Brasil,público,movimentos suprapartidários,NA,"""Outras""",Outras,NA,NA,NA,entre R$0 e R$499,0.00,0,0.00,entre 0 e 4,"R$ 10,000.00",mais de R$10 mil,recorrente,https://apoia.se/mrb?utm_source=Explore-da-APOIA-se&utm_medium=Card-de-Campanha,Setembro
MS Conservador - Apoie a Direita,privado,canais de comunicação,outros,"""Escrita""",Escrita,"MS, Campo Grande",MS,Centro-Oeste,entre R$0 e R$499,10.00,1,10.00,entre 0 e 4,R$ 0.00,R$ 0.00,recorrente,https://apoia.se/msconservador,Março
Na Verdade de Direita,privado,canais de comunicação,youtube,"""Educação""",Educação,"Praia Grande, SP",SP,Sudeste,entre R$0 e R$499,0.00,0,0.00,entre 0 e 4,"R$ 10,000.00",mais de R$10 mil,recorrente,https://apoia.se/5b283825fbab669a7a54bb73?utm_source=Explore-da-APOIA-se&utm_medium=Card-de-Campanha,"c(Março,Setembro)"
Nação direita + forte!,privado,canais de comunicação,outros,NA,NA,"Camaçari, BA",BA,Nordeste,entre R$0 e R$499,0.00,0,0.00,entre 0 e 4,"R$ 1,000.00",entre R$1.000 e R$4.999,recorrente,https://apoia.se/ajudeanacaodireita?utm_source=Explore-da-APOIA-se&utm_medium=Card-de-Campanha,"c(Março,Setembro)"
Olavete,privado,canais de comunicação,outros,"c(""Jornalismo"", ""Educação"")","Jornalismo, Educação",NA,NA,NA,entre R$0 e R$499,50.00,1,50.00,entre 0 e 4,R$ 0.00,R$ 0.00,recorrente,https://apoia.se/olavete?utm_source=Explore-da-APOIA-se&utm_medium=Card-de-Campanha,Setembro
Opinião sem meias verdades,privado,canais de comunicação,múltiplos,"""Jornalismo""",Jornalismo,NA,NA,NA,entre R$0 e R$499,165.00,11,15.00,entre 10 e 19,R$ 0.00,R$ 0.00,recorrente,https://apoia.se/teff_ferrari?utm_source=Explore-da-APOIA-se&utm_medium=Card-de-Campanha,Setembro
Opiniões Direitas,privado,canais de comunicação,múltiplos,NA,NA,"Rio do Sul, SC",SC,Sul,entre R$0 e R$499,0.00,0,0.00,entre 0 e 4,R$ 800.00,entre R$500 e R$999,recorrente,https://apoia.se/opinioesdireitas?utm_source=Explore-da-APOIA-se&utm_medium=Card-de-Campanha,Setembro
Oposição Zuera,privado,canais de comunicação,fanpages,"c(""Jornalismo"", ""Cinema e vídeo"")","Jornalismo, Cinema e vídeo","Cabo Frio, RJ",RJ,Sudeste,entre R$0 e R$499,0.00,0,0.00,entre 0 e 4,R$ 0.00,R$ 0.00,recorrente,https://apoia.se/5aa807fb8c60eafe7980ae51?utm_source=Explore-da-APOIA-se&utm_medium=Card-de-Campanha,"c(Março,Setembro)"
Pai e Filhos (Fabiano Guiguet),privado,canais de comunicação,youtube,"c(""Jornalismo"", ""Cinema e vídeo"")","Jornalismo, Cinema e vídeo","São José do Rio Preto, SP",SP,Sudeste,entre R$0 e R$499,437.00,24,18.21,entre 20 e 29,"R$ 5,000.00",entre R$5.000 e R$9.999,recorrente,https://apoia.se/paiefilhos?utm_source=Explore-da-APOIA-se&utm_medium=Card-de-Campanha,Setembro
Patriotas Direita Nacional,privado,movimentos suprapartidários,NA,NA,NA,n/a,NA,NA,entre R$0 e R$499,0.00,0,0.00,entre 0 e 4,R$ 0.00,R$ 0.00,recorrente,https://apoia.se/institutopatriotasdireitanacional?utm_source=Explore-da-APOIA-se&utm_medium=Card-de-Campanha,Setembro
Política Direita Rio Grande do Sul,público,movimentos suprapartidários,NA,"""Outras""",Outras,"Porto Alegre, RS",RS,Sul,entre R$0 e R$499,0.00,0,0.00,entre 0 e 4,R$ 0.00,R$ 0.00,recorrente,https://apoia.se/politicadireita?utm_source=Explore-da-APOIA-se&utm_medium=Card-de-Campanha,Setembro
Política Reaça,privado,movimentos suprapartidários,NA,"c(""Outras"", ""Educação"")","Outras, Educação","Franca, SP",SP,Sudeste,entre R$0 e R$499,0.00,0,0.00,entre 0 e 4,"R$ 1,000.00",entre R$1.000 e R$4.999,recorrente,https://apoia.se/politicareaca?utm_source=Explore-da-APOIA-se&utm_medium=Card-de-Campanha,Setembro
POTIRENDABA É BOLSONARO,público,canais de comunicação,fanpages,"""Outras""",Outras,"Potirendaba, SP",SP,Sudeste,entre R$0 e R$499,0.00,0,0.00,entre 0 e 4,R$ 500.00,entre R$500 e R$999,recorrente,https://apoia.se/bolsonaropotirendaba?utm_source=Explore-da-APOIA-se&utm_medium=Card-de-Campanha,"c(Março,Setembro)"
Pró-Direita Conservadora no Brasil,privado,canais de comunicação,youtube,"""Cinema e vídeo""",Cinema e vídeo,NA,NA,NA,entre R$0 e R$499,0.00,0,0.00,entre 0 e 4,R$ 0.00,R$ 0.00,pontual,https://apoia.se/tenbarrosmoreira?utm_source=Explore-da-APOIA-se&utm_medium=Card-de-Campanha,Setembro
Programa da Esther,privado,canais de comunicação,youtube,"""Cinema e vídeo""",Cinema e vídeo,"Ribeirão Preto, SP",SP,Sudeste,entre R$0 e R$499,105.00,3,35.00,entre 0 e 4,"R$ 10,000.00",mais de R$10 mil,recorrente,https://apoia.se/esther?utm_source=Explore-da-APOIA-se&utm_medium=Card-de-Campanha,Setembro
Rádio Pauta do Povo,privado,canais de comunicação,podcast,"c(""Empreendedorismo"", ""Jornalismo"")","Empreendedorismo, Jornalismo","São Paulo, SP",SP,Sudeste,entre R$0 e R$499,0.00,0,0.00,entre 0 e 4,"R$ 20,000.00",mais de R$10 mil,recorrente,https://apoia.se/pautadopovo?utm_source=Explore-da-APOIA-se&utm_medium=Card-de-Campanha,Setembro
RBR - Ressurreição Brasileira,privado,canais de comunicação,fanpages,"""Jornalismo""",Jornalismo,"São Paulo, SP",SP,Sudeste,entre R$0 e R$499,0.00,0,0.00,entre 0 e 4,R$ 500.00,entre R$500 e R$999,recorrente,https://apoia.se/ressurreicaobrasileira,Setembro
Reaviva Mack - A Direita respira!,público,movimentos suprapartidários,NA,"c(""Educação"", ""Empreendedorismo"")","Educação, Empreendedorismo","SP, São Paulo",SP,Sudeste,entre R$0 e R$499,0.00,0,0.00,entre 0 e 4,R$ 500.00,entre R$500 e R$999,recorrente,https://apoia.se/reavivamack,Março
República do Rio de Janeiro,privado,movimentos suprapartidários,site/blog,"""Jornalismo""",Jornalismo,"Rio de Janeiro, RJ",RJ,Sudeste,entre R$0 e R$499,0.00,0,0.00,entre 0 e 4,"R$ 1,000.00",entre R$1.000 e R$4.999,recorrente,https://apoia.se/republicadoriodejaneiro?utm_source=Explore-da-APOIA-se&utm_medium=Card-de-Campanha,Setembro
simaoluizjr,privado,canais de comunicação,youtube,"c(""Podcast"", ""Outras"")","Podcast, Outras","Brasília, DF",DF,Centro-Oeste,entre R$0 e R$499,0.00,0,0.00,entre 0 e 4,R$ 300.00,entre R$1 e R$499,recorrente,https://apoia.se/simaoluizjr?utm_source=Explore-da-APOIA-se&utm_medium=Card-de-Campanha,Setembro
Site de direita CONTRAPONTO.,privado,canais de comunicação,múltiplos,"""Jornalismo""",Jornalismo,"Nova Iguaçu, RJ",RJ,Sudeste,entre R$0 e R$499,0.00,0,0.00,entre 0 e 4,"R$ 1,000.00",entre R$1.000 e R$4.999,recorrente,https://apoia.se/site-contrapontobr,"c(Março,Setembro)"
SomostodosBrasil,privado,canais de comunicação,fanpages,"c(""Outras"", ""Jornalismo"")","Outras, Jornalismo",NA,NA,NA,entre R$0 e R$499,0.00,0,0.00,entre 0 e 4,R$ 0.00,R$ 0.00,recorrente,https://apoia.se/somostodosbrasil?utm_source=Explore-da-APOIA-se&utm_medium=Card-de-Campanha,Setembro
Talkey Sites,público,canais de comunicação,múltiplos,"c(""Outras"", ""Jornalismo"")","Outras, Jornalismo",NA,NA,NA,entre R$0 e R$499,0.00,0,0.00,entre 0 e 4,R$ 0.00,R$ 0.00,recorrente,https://apoia.se/talkeynews?utm_source=Explore-da-APOIA-se&utm_medium=Card-de-Campanha,Setembro
Tirar o Nordeste da esquerda,privado,canais de comunicação,fanpages,"""Outras""",Outras,"Teresina, PI",PI,Nordeste,entre R$0 e R$499,0.00,0,0.00,entre 0 e 4,R$ 50.00,entre R$1 e R$499,recorrente,https://apoia.se/bolsonarodonordeste?utm_source=Explore-da-APOIA-se&utm_medium=Card-de-Campanha,Setembro
Um Brasil Melhor,privado,canais de comunicação,youtube,"""Cinema e vídeo""",Cinema e vídeo,"Ipuã, SP",SP,Sudeste,entre R$0 e R$499,0.00,0,0.00,entre 0 e 4,R$ 0.00,R$ 0.00,recorrente,https://apoia.se/canaldoscorsato?utm_source=Explore-da-APOIA-se&utm_medium=Card-de-Campanha,Setembro
UNIÃO DA DIREITA JOVEM,público,movimentos suprapartidários,NA,"c(""Jornalismo"", ""Outras"")","Jornalismo, Outras","BA, Jequié",BA,Nordeste,entre R$0 e R$499,0.00,0,0.00,entre 0 e 4,R$ 0.00,R$ 0.00,recorrente,https://apoia.se/udj,Março
Vakinha pra um notebook,privado,canais de comunicação,NA,"c(""Jornalismo"", ""Outras"")","Jornalismo, Outras",NA,NA,NA,entre R$0 e R$499,0.00,0,0.00,entre 0 e 4,"R$ 10,000.00",mais de R$10 mil,recorrente,https://apoia.se/brasilresistente,Setembro
VAMOS ENDIREITAR O RIO?,público,canais de comunicação,site/blog,"c(""Outras"", ""Educação"")","Outras, Educação","Duque de Caxias, RJ",RJ,Sudeste,entre R$0 e R$499,0.00,0,0.00,entre 0 e 4,"R$ 5,000.00",entre R$5.000 e R$9.999,recorrente,https://apoia.se/endireitariodejaneiro?utm_source=Explore-da-APOIA-se&utm_medium=Card-de-Campanha,Setembro
Vida Destra,privado,canais de comunicação,outros,"""Jornalismo""",Jornalismo,"SP, Indaiatuba",SP,Sudeste,entre R$0 e R$499,0.00,0,0.00,entre 0 e 4,R$ 0.00,R$ 0.00,NA,https://apoia.se/vidadestra,Março
Virando à Direita,privado,canais de comunicação,múltiplos,"c(""Educação"", ""Outras"")","Educação, Outras","Rio de Janeiro, RJ",RJ,Sudeste,entre R$0 e R$499,0.00,0,0.00,entre 0 e 4,"R$ 5,000.00",entre R$5.000 e R$9.999,recorrente,https://apoia.se/vireadireita?utm_source=Explore-da-APOIA-se&utm_medium=Card-de-Campanha,"c(Março,Setembro)"
YOUTUBERS DE DIREITA,privado,canais de comunicação,youtube,"c(""Educação"", ""Jornalismo"")","Educação, Jornalismo","Guarulhos, SP",SP,Sudeste,entre R$0 e R$499,0.00,0,0.00,entre 0 e 4,R$ 5.00,entre R$1 e R$499,recorrente,https://apoia.se/youtubersdedireita?utm_source=Explore-da-APOIA-se&utm_medium=Card-de-Campanha,"c(Março,Setembro)"